SI-SNR,DNSMOS,MOS Squim,eSTOI,PESQ,PESQ Torch,STOI pred,PESQ pred,SI-SDR pred
Mean scores
4.405826985836029,0.0,0.0,0.0,0.0,0.0,0.0,0.0,0.0
SE of the means
1.8956203030079846,0.0,0.0,0.0,0.0,0.0,0.0,0.0,0.0
All Scores
7.086638927459717,0,0,0,0,0,0,0,0
1.7250150442123413,0,0,0,0,0,0,0,0
